nama_barang,harga_barang
JAM TANGAN DIGITAL RUBBER PRIA / WANITA / ANAK ANAK / REMAJA  SEGI DW-5600 GROSIR KARET RUBBER SPORT LED KOREA SPORT ELEKTRONIK MOTIF BUNGA DAN POLOS STYLE COUPLE WATCHBRANDS  MURAH JF052 / C8,11300.0
COD✅ Jam Tangan Digital Wanita Pria LED Rubber Watch Anti Air Ready Warna Harga Grosir   S1192,16890.0
C ( C00023 ) JAM TANGAN LED DEWASA MODEL KOREA / HARGA GROSIR,3999.0
WBS JAM TANGAN COUPLE FREE BATERAI SEIKO 5 MURAH RANTAI ANALOG CASUAL PERMIUM IMPORT GROSIR PRIA WANITA ✅COD ANAK REMAJA DEWASA  SK002,18300.0
Jam Tangan Analog Pria Stainless Steel Quartz Fashion Casual Pria Import,17200.0
Jam Tangan Quartz Strap PU Analog Casual Gaya Retro Untuk Wanita Watch Korean Fashion,16800.0
WBS ✅COD JAM TANGAN COUPLE ALBA RANTAI GROSIR IMPORT PRIA WANITA PASANGAN MURAH PREMIUM AL013,18999.0
SmartWatch Y68 Sport Tahan Air Bluetooth Smart Watch Pelacak Kebugaran Gelang Pedometer Heart Rate,88000.0
JAM TANGAN DIGITAL RUBBER PRIA / WANITA / ANAK ANAK / REMAJA  SEGI DW-5600 GROSIR KARET RUBBER SPORT LED KOREA SPORT ELEKTRONIK MOTIF BUNGA DAN POLOS STYLE COUPLE WATCHBRANDS  MURAH JF052 / C8,11300.0
COD✅ Jam tangan LED karet digital rubber electronic fashion jam wanita pria anak-anak watch import   S1166,13700.0
Jam Tangan GENEVA STAINLESS STEEL/3 TITIK - New Watch Analog Stainless Steel - Fashion Wanita,13280.0
JAM TANGAN PRIA WANITA DIGITAL RUBBER SPORT BULAT LED MOTIF BUNGA DAN POLOS COUPLE ANAK REMAJA DAN DEWASA GROSIR MURAH IMPORT JF063,12750.0
JAM TANGAN LED PRIA/WANITA APPLE,26000.0
Jam Tangan Elektronik Motif Bunga Daisy Kecil Anti Air Untuk Wanita / Jam Tangan Motif Bunga,11000.0
Jam Tangan Pria Gelang Set Box ( FREE 1pcs Gelang random ) - Jam Tangan Pria GNV9007SIL,35040.0
Jam Tangan SHSHD RANTAI - Jam Tangan Strap Stainless Steel/Jam Tangan Pria Terbaru/Fashion Pria,13950.0
WBS JAM TANGAN PRIA SPORT ANALOG KULIT QUICKSILVER SURF TANGGAL HARI MURAH ✅COD WANITA COUPLE QS003,20400.0
✅COD MESIN JAPAN !! JAM TANGAN LED WANITA PRIA RUBBER DIGITAL WATCH MURAH BERKUALITAS JF037,5460.0
WBS ✅COD Jam Tangan Pria Wanita Sport  Rantai Geneva Stainless Steel Korea Fashion Grosir GN042/C7,13250.0
【✔Penjualan Terbaik】 100%ORI JAM TANGAN PRIA +FREE BOX Baterai KULIT PREMIUM DIAMETER 4.2CM||JAMTANGAN FASHION PRIA,89888.0
JAM TANGAN LED DIGITAL FASHION KISD&TEENAGER(REMAJA) DISPLAY WATCH ELEKTRONIK IMPORT LED WANITA PRIA,5460.0
COD✅ Jam Tangan Wanita Pria  LED MI Jam Digital Sport Fashion Watch Rubber Tali Warna Kontras Grosir Murah   S1181,15800.0
⭐ JLMALL ⭐ JT002 Jam Tangan Led Digital Watch Pria Wanita Fashion Sport Keren Souvenir Import Grosir,4199.0
WBS Jam Tangan SHSHD Pria dan Wanita Sport Chrono Rariasi Rantai Geneva Jam Tangan Stainless Steel Jam Tangan Pria Fashion Analog  Grosir  Model Terbaru SH003,13950.0
Jam Tangan Casual Gaya Retro Korea CandyCat Untuk Wanita Strap PU / Jam Tangan Wanita Casual,14500.0
✅COD JAM TANGAN RUBBER S-SPORT S-1790 DIGITAL FASHION LED JF038 IMPORT GROSIR MURAH PRIA WANITA,7250.0
Jam Tangan Couple Quartz Putih Dan Hitam / New Jam Tangan Terbaru Fashion Couple Tren 2019,14200.0
【Penjualan Terbaik】Jam Tangan Pria Anti Air Original Luxury Stainless Steel AOKEYO S001 ✅COD（Free BOX+Kartu）,81999.0
Cod ( Bayar Tujuan ) Jam Tangan Pria/Wanita Dwe Classic Rose White Kulit Analog / Ready 2 Warna,14400.0
❤Ready❤ Jam Tangan LED Mewah Anti Air Untuk Pelajar/Hadiah,9999.0
✅COD SW033 Jam Tangan Pria GT Sport Korean Fashion,15900.0
Bono Watch Siena Dark Rose Gold,325000.0
WBS Jam Tangan GENEVA 259 Wanita Pria COUPLE Analog Fashion Casual Quartz Watch Rubber GN001 / C6/C7,11600.0
COD✅[Ready Stock] JAM TANGAN - JAM TANGAN WANITA ANALOG / JAM TANGAN FASHION WANITA SHSHD,11500.0
✅COD [BBS] Jam Tangan Rubber Strap / LED Premium / Unisex,9699.0
JAM TANGAN LED FASHION DIGITAL HITAM/GOLD/SILVER/PUTIH/ABU/NAVY,13340.0
FREE BATERAI JAM TANGAN WANITA RANTAI MAGNET PREMIUM ANALOG CASUAL MURAH GROSIR FASHION KEKINIAN TERBARU KOREA COUPLE PRIA ANAK REMAJA DEWASA WATCHBRANDS  DD023,14600.0
✅COD LED Watch Original - Jam Tangan Digital Pria Dan Wanita - Strap Rubber ( Group ),4980.0
COD Jam Tangan LED Watch Kotak Digital Fashion Pria Wanita Kekinian Termurah,9900.0
READY STOCK Y68 Candy Macaron Jam Tangan Pintar Jam Tangan Olahraga Pelacak Kebugaran Digital Jam Tangan Wanita Pria Jam Tangan,79000.0
WBS JAM TANGAN COUPLE FREE BATERAI ✅COD KULIT IMPORT GROSIR MURAH PREMIUM PRIA WANITA ANAK REMAJA DEWASA VINTAGE CASUAL QUARTZ DD003,13750.0
Jam Tangan Wanita Kayu Sederhana Pria Dan Wanita Kasual Mode Kaca Bulat Strap Kayu Quartz Analog Pasangan menonton,23500.0
Jam Tangan Pria Sport Korea Quartz Analog Fashion Korea / Jam Tangan Pria Sport Chrono Import,13720.0
Jam Tangan Model Casio Digital Rantai Fashion Wanita Dan Pria / Jam Tangan Wanita Digital Kotak,14900.0
WBS JAM TANGAN DIGITAL MODEL CASIO LED 168 RANTAI PRIA / WANITA FASHION GROSIR MURAH CS002,14800.0
Jam Tangan Pria Digital Tali Rubber Anti Air/Jam Tangan Pria Digital Strap Rubber  Water Resistant,35200.0
Jam Tangan Quartz Analog Dial Bulat Casual Strap Stainless Steel Untuk Wanita Import,16800.0
【Penjualan Terbaik】✅COD Jam Tangan Pria Anti Air Original AOKEYO 4088 Luxury Stainless Steel（Free BOX+Kartu）,99999.0
COD✅[Ready Stock] JAM TANGAN - JAM TANGAN WANITA ANALOG / JAM TANGAN FASHION IMPORT WANITA SHSHD,11520.0
Aokeyo 116 Plus Smartwatch Bluetooth Smartband Fitness Tracker Colour Display HeartRate Waterproof Jam Tangan Pria Wanita Digital,99999.0
WBS JAM TANGAN PRIA WANITA FREE BATERAI DIGITAL APPLE WATCH RUBBER ELEKTORNIK TOUCH MAGNET LED AP022,14400.0
JAM TANGAN KOREK 2 in 1 bisa COD,249000.0
Jam Tangan Elektronik Led Motif Kartun Mickey Pikachu Bahan Silikon Untuk Anak / Jam Tangan Karakter,6000.0
JAM TANGAN PRIA WANITA DIGITAL RUBBER SPORT BULAT LED MOTIF BUNGA DAN POLOS COUPLE ANAK REMAJA DAN DEWASA GROSIR MURAH IMPORT JF063,12750.0
OSM JKT J028 Jam Tangan Geneva / Analog Quartz / Jam Tangan Cewek / Jam Tangan Leather Quartz,7500.0
[COD] Jam Tangan Stainless Steel Gaya Korea Untuk Wanita Analog / Jam Tangan Analog Stainless Steel,16800.0
✅COD JAM TANGAN DIGITAL LED 168 RANTAI PRIA WANITA FASHION GROSIR MURAH,9900.0
Smartwatch T-55  Double Strap Jam Tangan Bluetooth Layar Sentuh Untuk Olahraga,35000.0
✅COD MESIN JAPAN !! JAM TANGAN LED WANITA PRIA RUBBER DIGITAL WATCH MURAH BERKUALITAS JF037,5460.0
【Penjualan Terbaik】Jam Tangan Pria Anti Air Original Luxury Stainless Steel AOKEYO 5080（Free BOX+Kartu）,69000.0
